MQ-2,MQ-3,MQ-136,MQ-137
162.0,268.0,74.0,126.0
162.0,268.0,74.0,126.0
162.0,268.0,74.0,126.0
162.0,268.0,74.0,126.0
162.0,268.0,74.0,126.0
162.0,268.0,74.0,126.0
162.0,268.0,74.0,126.0
162.0,268.0,74.0,126.0
162.0,268.0,74.0,126.0
162.0,267.0,74.0,126.0
163.0,267.0,74.0,126.0
162.0,267.0,74.0,126.0
162.0,267.0,74.0,126.0
162.0,267.0,74.0,126.0
162.0,267.0,74.0,126.0
163.0,267.0,74.0,126.0
163.0,267.0,74.0,126.0
162.0,267.0,74.0,126.0
162.0,267.0,74.0,126.0
162.0,267.0,74.0,126.0
163.0,267.0,74.0,126.0
163.0,267.0,74.0,126.0
163.0,267.0,74.0,126.0
163.0,266.0,74.0,126.0
163.0,267.0,74.0,126.0
163.0,267.0,74.0,126.0
163.0,267.0,74.0,126.0
164.0,268.0,74.0,126.0
164.0,268.0,74.0,127.0
164.0,268.0,74.0,127.0
164.0,268.0,74.0,126.0
164.0,268.0,74.0,127.0
164.0,268.0,74.0,127.0
164.0,268.0,74.0,127.0
164.0,268.0,74.0,127.0
164.0,268.0,75.0,127.0
164.0,268.0,75.0,127.0
164.0,268.0,74.0,127.0
164.0,268.0,74.0,127.0
164.0,267.0,74.0,127.0
164.0,267.0,75.0,127.0
164.0,267.0,74.0,127.0
164.0,267.0,74.0,127.0
164.0,267.0,74.0,127.0
164.0,267.0,74.0,127.0
164.0,267.0,74.0,127.0
164.0,267.0,74.0,127.0
164.0,267.0,74.0,127.0
164.0,267.0,74.0,126.0
164.0,267.0,74.0,126.0
164.0,267.0,74.0,126.0
164.0,267.0,74.0,126.0
164.0,267.0,74.0,126.0
164.0,267.0,74.0,126.0
164.0,267.0,74.0,126.0
164.0,267.0,74.0,126.0
164.0,267.0,74.0,126.0
164.0,267.0,74.0,126.0
164.0,267.0,74.0,126.0
164.0,267.0,74.0,126.0
164.0,267.0,74.0,126.0
164.0,267.0,74.0,126.0
164.0,267.0,74.0,126.0
164.0,266.0,74.0,126.0
164.0,266.0,74.0,126.0
164.0,266.0,74.0,126.0
164.0,266.0,74.0,126.0
164.0,266.0,74.0,126.0
164.0,266.0,74.0,126.0
164.0,266.0,74.0,126.0
164.0,266.0,74.0,126.0
164.0,266.0,74.0,126.0
164.0,266.0,74.0,126.0
164.0,266.0,74.0,126.0
164.0,266.0,74.0,126.0
164.0,266.0,74.0,126.0
164.0,266.0,74.0,126.0
164.0,266.0,74.0,126.0
164.0,266.0,74.0,126.0
164.0,266.0,74.0,126.0
164.0,266.0,74.0,126.0
164.0,266.0,74.0,126.0
164.0,266.0,74.0,126.0
164.0,266.0,74.0,126.0
165.0,266.0,74.0,126.0
164.0,266.0,74.0,126.0
164.0,266.0,74.0,126.0
164.0,266.0,74.0,126.0
165.0,266.0,74.0,126.0
164.0,266.0,74.0,126.0
164.0,266.0,74.0,126.0
165.0,266.0,74.0,126.0
165.0,266.0,74.0,126.0
165.0,266.0,74.0,126.0
165.0,266.0,74.0,126.0
165.0,266.0,74.0,126.0
165.0,265.0,74.0,126.0
165.0,265.0,74.0,126.0
165.0,265.0,74.0,126.0
165.0,265.0,74.0,126.0
165.0,265.0,74.0,126.0
165.0,265.0,74.0,125.0
165.0,265.0,74.0,125.0
165.0,265.0,74.0,125.0
165.0,265.0,74.0,125.0
165.0,265.0,74.0,125.0
165.0,265.0,75.0,125.0
165.0,265.0,74.0,125.0
165.0,265.0,74.0,125.0
165.0,265.0,74.0,125.0
165.0,265.0,74.0,125.0
165.0,265.0,74.0,125.0
164.0,265.0,74.0,125.0
164.0,265.0,74.0,125.0
164.0,265.0,74.0,125.0
165.0,265.0,74.0,125.0
164.0,264.0,74.0,125.0
164.0,264.0,74.0,125.0
164.0,264.0,74.0,125.0
164.0,264.0,74.0,125.0
164.0,264.0,74.0,125.0
164.0,264.0,74.0,125.0
164.0,264.0,74.0,125.0
164.0,264.0,74.0,125.0
165.0,264.0,74.0,125.0
164.0,264.0,74.0,125.0
164.0,264.0,74.0,125.0
164.0,264.0,74.0,125.0
164.0,264.0,74.0,125.0
164.0,264.0,74.0,124.0
164.0,264.0,74.0,124.0
164.0,264.0,74.0,124.0
165.0,264.0,74.0,124.0
164.0,264.0,74.0,124.0
165.0,264.0,74.0,124.0
164.0,264.0,74.0,124.0
164.0,264.0,74.0,124.0
164.0,264.0,74.0,124.0
164.0,264.0,74.0,124.0
164.0,263.0,74.0,124.0
165.0,264.0,74.0,124.0
165.0,263.0,74.0,124.0
165.0,264.0,74.0,124.0
165.0,264.0,74.0,124.0
165.0,264.0,74.0,124.0
165.0,264.0,74.0,124.0
165.0,264.0,74.0,124.0
165.0,264.0,74.0,124.0
165.0,264.0,74.0,124.0
165.0,263.0,74.0,124.0
165.0,263.0,74.0,124.0
165.0,264.0,74.0,124.0
165.0,263.0,74.0,124.0
165.0,263.0,74.0,124.0
165.0,263.0,74.0,124.0
165.0,263.0,74.0,124.0
165.0,263.0,74.0,124.0
165.0,263.0,74.0,124.0
165.0,263.0,74.0,124.0
165.0,263.0,74.0,124.0
165.0,263.0,74.0,124.0
165.0,263.0,74.0,124.0
165.0,263.0,74.0,124.0
165.0,263.0,74.0,124.0
165.0,263.0,74.0,124.0
165.0,263.0,74.0,124.0
165.0,263.0,74.0,124.0
165.0,263.0,74.0,124.0
165.0,263.0,74.0,124.0
165.0,263.0,74.0,124.0
165.0,263.0,74.0,124.0
165.0,263.0,74.0,124.0
165.0,263.0,74.0,124.0
165.0,263.0,74.0,124.0
165.0,263.0,74.0,124.0
165.0,263.0,74.0,124.0
165.0,262.0,74.0,124.0
165.0,262.0,74.0,124.0
165.0,262.0,74.0,124.0
178.0,308.0,85.0,159.0
178.0,307.0,85.0,159.0
178.0,307.0,85.0,159.0
178.0,307.0,85.0,159.0
178.0,307.0,85.0,159.0
178.0,307.0,85.0,159.0
178.0,306.0,85.0,159.0
178.0,306.0,85.0,159.0
178.0,306.0,85.0,159.0
178.0,306.0,85.0,159.0
178.0,305.0,85.0,159.0
178.0,305.0,85.0,158.0
178.0,305.0,85.0,159.0
178.0,305.0,85.0,158.0
178.0,305.0,85.0,158.0
178.0,304.0,85.0,158.0
178.0,304.0,85.0,158.0
178.0,304.0,85.0,158.0
178.0,304.0,85.0,158.0
178.0,304.0,85.0,158.0
177.0,304.0,85.0,158.0
178.0,304.0,85.0,158.0
178.0,304.0,85.0,158.0
177.0,303.0,85.0,158.0
177.0,303.0,85.0,158.0
177.0,303.0,85.0,158.0
177.0,303.0,85.0,158.0
177.0,303.0,85.0,158.0
177.0,303.0,85.0,158.0
177.0,303.0,85.0,158.0
177.0,302.0,85.0,158.0
177.0,302.0,85.0,158.0
177.0,302.0,85.0,158.0
177.0,302.0,85.0,158.0
177.0,302.0,85.0,157.0
177.0,302.0,85.0,157.0
176.0,302.0,85.0,157.0
176.0,302.0,84.0,157.0
176.0,302.0,85.0,157.0
176.0,301.0,85.0,157.0
176.0,301.0,85.0,157.0
176.0,301.0,85.0,157.0
176.0,301.0,85.0,157.0
176.0,301.0,84.0,157.0
176.0,301.0,84.0,157.0
176.0,301.0,84.0,157.0
176.0,301.0,84.0,157.0
176.0,301.0,84.0,157.0
176.0,300.0,84.0,156.0
176.0,300.0,84.0,156.0
176.0,300.0,84.0,156.0
176.0,300.0,84.0,156.0
176.0,300.0,84.0,156.0
176.0,300.0,84.0,156.0
176.0,300.0,84.0,156.0
176.0,300.0,84.0,156.0
176.0,300.0,84.0,156.0
176.0,300.0,84.0,156.0
176.0,300.0,84.0,156.0
176.0,300.0,84.0,156.0
176.0,300.0,84.0,156.0
176.0,299.0,84.0,156.0
176.0,299.0,84.0,156.0
176.0,299.0,84.0,156.0
176.0,299.0,84.0,156.0
176.0,299.0,84.0,156.0
176.0,299.0,84.0,156.0
176.0,298.0,84.0,156.0
176.0,298.0,84.0,156.0
176.0,298.0,84.0,156.0
176.0,298.0,84.0,155.0
176.0,298.0,84.0,155.0
176.0,298.0,84.0,155.0
176.0,297.0,84.0,155.0
176.0,297.0,84.0,155.0
176.0,297.0,84.0,155.0
176.0,297.0,84.0,155.0
176.0,297.0,84.0,155.0
175.0,296.0,84.0,155.0
175.0,296.0,84.0,155.0
175.0,296.0,84.0,155.0
175.0,296.0,84.0,155.0
175.0,296.0,84.0,155.0
175.0,295.0,84.0,155.0
175.0,295.0,84.0,155.0
175.0,295.0,83.0,155.0
175.0,295.0,83.0,155.0
175.0,294.0,84.0,155.0
175.0,294.0,84.0,154.0
175.0,294.0,83.0,154.0
175.0,294.0,83.0,154.0
175.0,294.0,83.0,154.0
175.0,294.0,83.0,154.0
174.0,293.0,83.0,154.0
174.0,293.0,83.0,154.0
174.0,293.0,83.0,154.0
175.0,293.0,83.0,154.0
174.0,293.0,83.0,154.0
174.0,292.0,83.0,154.0
174.0,292.0,83.0,154.0
174.0,292.0,83.0,154.0
174.0,292.0,83.0,154.0
174.0,292.0,83.0,154.0
174.0,292.0,83.0,154.0
174.0,292.0,83.0,154.0
174.0,292.0,83.0,153.0
174.0,292.0,83.0,153.0
174.0,292.0,83.0,154.0
174.0,292.0,83.0,153.0
174.0,292.0,83.0,153.0
174.0,291.0,83.0,153.0
174.0,291.0,83.0,153.0
174.0,291.0,83.0,153.0
174.0,291.0,83.0,153.0
174.0,291.0,83.0,153.0
174.0,291.0,82.0,153.0
174.0,291.0,82.0,153.0
174.0,291.0,83.0,153.0
174.0,291.0,82.0,153.0
174.0,290.0,82.0,153.0
174.0,291.0,82.0,152.0
174.0,291.0,82.0,152.0
174.0,291.0,82.0,152.0
174.0,290.0,82.0,152.0
174.0,290.0,82.0,152.0
174.0,290.0,82.0,152.0
174.0,289.0,82.0,152.0
173.0,289.0,82.0,152.0
173.0,289.0,82.0,152.0
173.0,289.0,82.0,152.0
173.0,289.0,82.0,152.0
173.0,289.0,82.0,152.0
173.0,288.0,82.0,152.0
173.0,288.0,82.0,152.0
173.0,288.0,82.0,152.0
173.0,288.0,82.0,152.0
173.0,288.0,82.0,152.0
173.0,288.0,82.0,152.0
173.0,288.0,82.0,152.0
173.0,288.0,82.0,151.0
173.0,288.0,82.0,151.0
173.0,288.0,82.0,151.0
173.0,288.0,82.0,151.0
173.0,288.0,82.0,151.0
173.0,288.0,82.0,151.0
173.0,287.0,82.0,151.0
173.0,287.0,82.0,151.0
172.0,287.0,82.0,151.0
172.0,286.0,82.0,151.0
172.0,286.0,82.0,151.0
172.0,286.0,82.0,151.0
172.0,286.0,82.0,151.0
172.0,286.0,82.0,150.0
172.0,285.0,82.0,150.0
172.0,285.0,82.0,150.0
172.0,285.0,82.0,150.0
172.0,285.0,82.0,150.0
172.0,285.0,82.0,150.0
172.0,284.0,82.0,150.0
172.0,285.0,82.0,150.0
172.0,285.0,82.0,150.0
171.0,284.0,82.0,150.0
171.0,284.0,82.0,150.0
171.0,284.0,82.0,150.0
171.0,283.0,82.0,150.0
171.0,283.0,82.0,150.0
171.0,282.0,82.0,150.0
171.0,282.0,82.0,150.0
170.0,282.0,82.0,150.0
170.0,282.0,82.0,150.0
170.0,282.0,82.0,150.0
170.0,281.0,82.0,150.0
170.0,281.0,82.0,150.0
170.0,281.0,82.0,150.0
170.0,281.0,82.0,149.0
170.0,281.0,81.0,149.0
170.0,280.0,81.0,149.0
170.0,280.0,81.0,149.0
169.0,280.0,81.0,149.0
234.0,408.0,99.0,200.0
233.0,408.0,99.0,200.0
233.0,408.0,99.0,201.0
233.0,408.0,99.0,201.0
233.0,408.0,99.0,201.0
233.0,408.0,99.0,201.0
233.0,407.0,100.0,201.0
233.0,407.0,100.0,201.0
233.0,407.0,100.0,201.0
233.0,407.0,100.0,201.0
233.0,407.0,100.0,201.0
233.0,407.0,100.0,201.0
233.0,407.0,100.0,201.0
233.0,407.0,100.0,200.0
233.0,407.0,100.0,201.0
233.0,407.0,100.0,201.0
233.0,406.0,100.0,200.0
233.0,406.0,100.0,200.0
233.0,406.0,100.0,200.0
233.0,406.0,100.0,200.0
233.0,407.0,100.0,200.0
233.0,406.0,100.0,200.0
233.0,406.0,100.0,201.0
233.0,406.0,100.0,201.0
233.0,406.0,100.0,200.0
233.0,406.0,100.0,201.0
233.0,406.0,100.0,200.0
233.0,406.0,100.0,200.0
233.0,406.0,100.0,200.0
233.0,406.0,100.0,200.0
233.0,405.0,100.0,200.0
233.0,405.0,100.0,200.0
233.0,405.0,100.0,200.0
233.0,405.0,100.0,200.0
233.0,405.0,100.0,200.0
233.0,405.0,100.0,200.0
233.0,405.0,100.0,200.0
233.0,405.0,100.0,200.0
233.0,405.0,100.0,200.0
233.0,405.0,100.0,200.0
233.0,405.0,100.0,200.0
233.0,405.0,100.0,200.0
233.0,404.0,100.0,200.0
233.0,404.0,100.0,200.0
233.0,404.0,99.0,200.0
233.0,404.0,100.0,200.0
233.0,404.0,100.0,200.0
233.0,404.0,100.0,200.0
233.0,404.0,99.0,200.0
233.0,404.0,100.0,200.0
233.0,404.0,100.0,199.0
233.0,404.0,99.0,200.0
233.0,404.0,99.0,199.0
233.0,403.0,99.0,199.0
233.0,403.0,99.0,199.0
233.0,403.0,99.0,199.0
233.0,403.0,99.0,199.0
233.0,403.0,99.0,199.0
233.0,403.0,99.0,199.0
233.0,403.0,99.0,199.0
233.0,402.0,99.0,199.0
233.0,402.0,99.0,199.0
233.0,402.0,99.0,198.0
233.0,402.0,99.0,198.0
233.0,402.0,99.0,198.0
233.0,402.0,99.0,198.0
233.0,402.0,99.0,198.0
233.0,402.0,99.0,198.0
233.0,402.0,99.0,198.0
233.0,401.0,99.0,198.0
233.0,401.0,99.0,198.0
233.0,401.0,99.0,198.0
233.0,401.0,99.0,198.0
233.0,401.0,99.0,198.0
233.0,401.0,99.0,197.0
233.0,400.0,99.0,197.0
233.0,400.0,99.0,197.0
233.0,400.0,99.0,197.0
233.0,400.0,99.0,197.0
232.0,400.0,98.0,197.0
232.0,399.0,99.0,197.0
232.0,399.0,99.0,197.0
232.0,399.0,98.0,197.0
232.0,399.0,98.0,197.0
232.0,399.0,98.0,197.0
232.0,399.0,99.0,196.0
232.0,398.0,99.0,196.0
232.0,398.0,98.0,196.0
232.0,398.0,98.0,196.0
232.0,398.0,98.0,196.0
232.0,398.0,98.0,196.0
231.0,398.0,98.0,196.0
231.0,397.0,98.0,196.0
231.0,397.0,98.0,196.0
231.0,397.0,98.0,196.0
231.0,397.0,98.0,196.0
231.0,397.0,98.0,196.0
231.0,397.0,98.0,196.0
231.0,397.0,98.0,196.0
231.0,396.0,98.0,195.0
231.0,396.0,98.0,195.0
231.0,396.0,98.0,196.0
231.0,396.0,98.0,195.0
231.0,396.0,98.0,195.0
231.0,396.0,98.0,195.0
231.0,395.0,98.0,195.0
231.0,395.0,98.0,195.0
231.0,395.0,98.0,194.0
231.0,395.0,98.0,195.0
230.0,395.0,98.0,194.0
231.0,395.0,98.0,194.0
230.0,395.0,98.0,194.0
230.0,394.0,98.0,194.0
230.0,394.0,98.0,194.0
230.0,394.0,97.0,194.0
230.0,394.0,98.0,194.0
230.0,393.0,98.0,194.0
230.0,393.0,97.0,194.0
230.0,393.0,97.0,194.0
230.0,393.0,97.0,194.0
230.0,393.0,97.0,193.0
230.0,393.0,98.0,193.0
230.0,392.0,97.0,193.0
230.0,392.0,97.0,193.0
230.0,392.0,97.0,193.0
229.0,392.0,97.0,193.0
229.0,392.0,97.0,193.0
229.0,392.0,97.0,193.0
229.0,392.0,97.0,193.0
229.0,392.0,97.0,193.0
229.0,391.0,97.0,193.0
229.0,391.0,97.0,193.0
229.0,391.0,97.0,192.0
229.0,391.0,97.0,192.0
229.0,391.0,97.0,192.0
229.0,391.0,97.0,192.0
229.0,391.0,97.0,192.0
229.0,391.0,97.0,192.0
229.0,391.0,97.0,192.0
229.0,391.0,97.0,192.0
228.0,391.0,97.0,192.0
228.0,390.0,97.0,192.0
228.0,390.0,96.0,191.0
228.0,390.0,97.0,191.0
228.0,390.0,96.0,191.0
228.0,390.0,96.0,191.0
228.0,390.0,96.0,191.0
228.0,390.0,96.0,191.0
228.0,389.0,96.0,191.0
228.0,389.0,96.0,191.0
228.0,389.0,96.0,190.0
228.0,389.0,96.0,190.0
228.0,389.0,96.0,190.0
228.0,389.0,96.0,190.0
228.0,389.0,96.0,190.0
228.0,389.0,96.0,190.0
228.0,388.0,96.0,190.0
227.0,388.0,96.0,190.0
227.0,388.0,96.0,190.0
227.0,388.0,96.0,190.0
227.0,388.0,96.0,189.0
227.0,387.0,96.0,189.0
227.0,387.0,96.0,189.0
227.0,387.0,96.0,189.0
226.0,387.0,96.0,189.0
226.0,387.0,96.0,189.0
226.0,387.0,95.0,189.0
226.0,387.0,96.0,189.0
226.0,386.0,96.0,189.0
226.0,386.0,95.0,189.0
226.0,386.0,95.0,189.0
226.0,386.0,95.0,188.0
226.0,386.0,95.0,188.0
226.0,386.0,95.0,188.0
226.0,385.0,96.0,188.0
226.0,385.0,96.0,188.0
226.0,385.0,95.0,188.0
226.0,385.0,95.0,188.0
225.0,385.0,95.0,188.0
335.0,537.0,138.0,302.0
335.0,537.0,137.0,302.0
335.0,536.0,137.0,301.0
335.0,536.0,136.0,300.0
334.0,535.0,136.0,300.0
335.0,535.0,136.0,299.0
335.0,534.0,136.0,299.0
335.0,534.0,136.0,299.0
335.0,533.0,135.0,299.0
335.0,532.0,135.0,299.0
335.0,532.0,135.0,299.0
335.0,531.0,135.0,299.0
336.0,531.0,135.0,299.0
336.0,531.0,136.0,299.0
336.0,531.0,136.0,300.0
337.0,531.0,136.0,300.0
337.0,531.0,136.0,300.0
337.0,531.0,136.0,300.0
337.0,531.0,136.0,300.0
337.0,531.0,136.0,300.0
338.0,531.0,136.0,301.0
338.0,531.0,136.0,301.0
338.0,531.0,136.0,301.0
338.0,531.0,136.0,301.0
338.0,530.0,137.0,301.0
338.0,530.0,137.0,301.0
338.0,530.0,136.0,301.0
339.0,530.0,136.0,301.0
339.0,530.0,136.0,302.0
339.0,530.0,137.0,302.0
338.0,530.0,137.0,302.0
338.0,529.0,136.0,302.0
338.0,529.0,136.0,302.0
338.0,528.0,136.0,302.0
337.0,528.0,137.0,302.0
337.0,527.0,136.0,302.0
336.0,527.0,136.0,302.0
336.0,526.0,136.0,302.0
335.0,526.0,136.0,302.0
335.0,526.0,136.0,302.0
335.0,526.0,136.0,301.0
334.0,526.0,136.0,301.0
334.0,526.0,136.0,301.0
334.0,526.0,136.0,301.0
334.0,525.0,136.0,301.0
333.0,525.0,136.0,301.0
333.0,524.0,136.0,301.0
333.0,523.0,136.0,301.0
332.0,523.0,136.0,301.0
332.0,523.0,136.0,301.0
332.0,522.0,136.0,301.0
332.0,522.0,136.0,301.0
332.0,521.0,136.0,301.0
332.0,521.0,136.0,301.0
332.0,521.0,136.0,301.0
331.0,521.0,135.0,301.0
331.0,520.0,135.0,301.0
331.0,520.0,135.0,301.0
332.0,520.0,135.0,301.0
332.0,520.0,135.0,301.0
332.0,520.0,135.0,301.0
332.0,520.0,135.0,301.0
332.0,519.0,135.0,301.0
332.0,519.0,135.0,301.0
332.0,519.0,135.0,301.0
331.0,518.0,135.0,301.0
331.0,518.0,135.0,301.0
331.0,517.0,135.0,300.0
330.0,517.0,135.0,301.0
330.0,517.0,135.0,300.0
331.0,517.0,135.0,301.0
330.0,516.0,135.0,300.0
328.0,515.0,134.0,299.0
328.0,514.0,134.0,298.0
328.0,513.0,133.0,298.0
328.0,514.0,133.0,298.0
329.0,514.0,134.0,298.0
329.0,514.0,134.0,299.0
330.0,515.0,134.0,299.0
331.0,515.0,134.0,299.0
331.0,516.0,135.0,300.0
331.0,516.0,135.0,300.0
331.0,516.0,135.0,300.0
331.0,516.0,135.0,300.0
331.0,516.0,135.0,300.0
332.0,516.0,135.0,300.0
332.0,516.0,135.0,300.0
331.0,516.0,135.0,300.0
331.0,517.0,135.0,301.0
331.0,517.0,135.0,300.0
331.0,517.0,135.0,300.0
331.0,517.0,135.0,300.0
331.0,517.0,135.0,300.0
331.0,517.0,135.0,300.0
331.0,517.0,135.0,300.0
331.0,517.0,135.0,300.0
331.0,517.0,135.0,300.0
331.0,517.0,134.0,300.0
331.0,518.0,135.0,300.0
331.0,518.0,134.0,300.0
331.0,518.0,134.0,300.0
331.0,518.0,134.0,300.0
331.0,518.0,134.0,300.0
331.0,518.0,134.0,300.0
331.0,518.0,134.0,301.0
331.0,517.0,134.0,301.0
330.0,517.0,134.0,300.0
330.0,517.0,134.0,300.0
330.0,517.0,134.0,300.0
330.0,517.0,134.0,300.0
330.0,517.0,134.0,300.0
330.0,517.0,133.0,300.0
330.0,516.0,133.0,300.0
330.0,516.0,133.0,300.0
330.0,516.0,133.0,300.0
330.0,516.0,133.0,300.0
329.0,516.0,133.0,300.0
329.0,515.0,133.0,300.0
329.0,515.0,133.0,300.0
329.0,515.0,133.0,300.0
329.0,514.0,133.0,300.0
329.0,514.0,133.0,300.0
329.0,514.0,132.0,300.0
329.0,514.0,133.0,300.0
328.0,514.0,133.0,300.0
328.0,514.0,132.0,300.0
328.0,514.0,132.0,300.0
328.0,513.0,132.0,300.0
328.0,513.0,132.0,300.0
328.0,513.0,132.0,300.0
328.0,513.0,132.0,300.0
328.0,513.0,132.0,300.0
328.0,513.0,132.0,300.0
327.0,512.0,132.0,300.0
327.0,512.0,132.0,300.0
327.0,512.0,132.0,299.0
327.0,512.0,132.0,299.0
327.0,511.0,132.0,299.0
327.0,511.0,132.0,299.0
326.0,511.0,132.0,299.0
326.0,511.0,131.0,299.0
326.0,510.0,131.0,299.0
326.0,510.0,131.0,299.0
326.0,510.0,131.0,299.0
326.0,510.0,131.0,299.0
326.0,510.0,131.0,299.0
326.0,510.0,131.0,299.0
326.0,509.0,131.0,299.0
325.0,509.0,131.0,298.0
325.0,509.0,131.0,298.0
325.0,508.0,131.0,298.0
325.0,508.0,131.0,298.0
325.0,508.0,131.0,298.0
325.0,508.0,131.0,298.0
325.0,507.0,131.0,298.0
325.0,507.0,131.0,298.0
324.0,507.0,131.0,297.0
324.0,507.0,131.0,297.0
324.0,507.0,131.0,297.0
324.0,506.0,131.0,297.0
324.0,506.0,131.0,297.0
324.0,506.0,131.0,297.0
324.0,506.0,131.0,297.0
324.0,506.0,131.0,297.0
324.0,506.0,131.0,297.0
324.0,506.0,131.0,296.0
323.0,505.0,131.0,296.0
323.0,505.0,130.0,296.0
323.0,504.0,130.0,296.0
323.0,504.0,130.0,296.0
323.0,504.0,130.0,296.0
323.0,504.0,130.0,295.0
323.0,504.0,130.0,295.0
322.0,503.0,130.0,295.0
322.0,503.0,130.0,295.0
322.0,503.0,130.0,295.0
322.0,503.0,130.0,295.0
322.0,503.0,130.0,295.0
322.0,503.0,130.0,294.0
343.0,546.0,150.0,348.0
343.0,546.0,150.0,348.0
343.0,545.0,150.0,347.0
343.0,545.0,149.0,347.0
342.0,545.0,149.0,347.0
342.0,545.0,149.0,347.0
342.0,545.0,149.0,347.0
342.0,544.0,149.0,347.0
341.0,544.0,149.0,346.0
341.0,544.0,149.0,346.0
341.0,544.0,149.0,346.0
341.0,543.0,149.0,346.0
340.0,543.0,149.0,346.0
340.0,543.0,149.0,346.0
340.0,542.0,149.0,345.0
340.0,542.0,149.0,345.0
340.0,542.0,149.0,345.0
340.0,542.0,149.0,345.0
339.0,542.0,149.0,344.0
339.0,541.0,148.0,344.0
339.0,541.0,148.0,344.0
339.0,541.0,148.0,344.0
339.0,541.0,148.0,343.0
338.0,540.0,148.0,343.0
338.0,540.0,148.0,343.0
338.0,540.0,148.0,342.0
338.0,539.0,148.0,342.0
337.0,539.0,148.0,342.0
337.0,539.0,147.0,341.0
337.0,539.0,147.0,341.0
337.0,538.0,147.0,341.0
337.0,538.0,147.0,340.0
336.0,538.0,147.0,340.0
336.0,537.0,147.0,340.0
336.0,537.0,147.0,339.0
336.0,536.0,146.0,339.0
336.0,536.0,146.0,339.0
335.0,536.0,146.0,338.0
335.0,535.0,146.0,338.0
335.0,535.0,146.0,338.0
334.0,534.0,146.0,337.0
334.0,534.0,146.0,337.0
334.0,534.0,146.0,337.0
334.0,533.0,146.0,337.0
333.0,533.0,146.0,336.0
333.0,532.0,146.0,336.0
333.0,532.0,146.0,336.0
332.0,532.0,145.0,336.0
332.0,532.0,145.0,335.0
332.0,531.0,145.0,335.0
332.0,531.0,145.0,335.0
332.0,531.0,145.0,335.0
332.0,530.0,144.0,334.0
331.0,530.0,144.0,334.0
331.0,530.0,144.0,334.0
331.0,530.0,144.0,333.0
331.0,529.0,144.0,333.0
331.0,529.0,144.0,333.0
331.0,528.0,144.0,332.0
330.0,528.0,144.0,332.0
330.0,528.0,143.0,332.0
330.0,528.0,143.0,331.0
330.0,527.0,143.0,331.0
330.0,527.0,143.0,331.0
329.0,527.0,143.0,331.0
329.0,526.0,143.0,330.0
329.0,526.0,143.0,330.0
329.0,526.0,143.0,329.0
329.0,525.0,143.0,329.0
329.0,525.0,142.0,329.0
328.0,525.0,142.0,328.0
328.0,524.0,142.0,328.0
328.0,524.0,142.0,328.0
328.0,524.0,142.0,328.0
328.0,523.0,142.0,327.0
328.0,523.0,142.0,327.0
327.0,523.0,142.0,327.0
327.0,522.0,142.0,326.0
327.0,522.0,141.0,326.0
327.0,522.0,141.0,325.0
326.0,521.0,141.0,325.0
326.0,521.0,141.0,325.0
326.0,521.0,141.0,324.0
326.0,520.0,141.0,324.0
326.0,520.0,141.0,324.0
325.0,519.0,141.0,324.0
325.0,519.0,140.0,323.0
325.0,518.0,140.0,323.0
324.0,518.0,140.0,323.0
324.0,518.0,140.0,323.0
324.0,517.0,140.0,322.0
323.0,517.0,140.0,322.0
323.0,517.0,140.0,322.0
323.0,516.0,140.0,322.0
323.0,516.0,140.0,321.0
323.0,516.0,139.0,321.0
323.0,515.0,139.0,321.0
322.0,515.0,139.0,321.0
322.0,514.0,139.0,320.0
322.0,514.0,139.0,320.0
322.0,514.0,139.0,320.0
322.0,513.0,139.0,320.0
321.0,513.0,139.0,319.0
321.0,512.0,139.0,319.0
321.0,512.0,139.0,319.0
321.0,512.0,138.0,319.0
321.0,511.0,138.0,318.0
320.0,511.0,138.0,318.0
319.0,510.0,138.0,318.0
318.0,510.0,138.0,318.0
318.0,509.0,138.0,318.0
318.0,509.0,138.0,318.0
318.0,508.0,138.0,317.0
318.0,508.0,138.0,317.0
318.0,508.0,137.0,317.0
318.0,508.0,137.0,317.0
318.0,507.0,137.0,316.0
317.0,507.0,137.0,316.0
317.0,507.0,137.0,316.0
317.0,506.0,137.0,316.0
317.0,506.0,137.0,316.0
317.0,505.0,137.0,315.0
317.0,505.0,137.0,315.0
317.0,505.0,137.0,315.0
317.0,504.0,137.0,315.0
316.0,504.0,136.0,315.0
316.0,504.0,136.0,315.0
316.0,503.0,136.0,314.0
316.0,503.0,136.0,314.0
315.0,503.0,136.0,314.0
315.0,502.0,136.0,314.0
315.0,502.0,136.0,314.0
315.0,501.0,136.0,313.0
314.0,501.0,136.0,313.0
314.0,501.0,136.0,313.0
314.0,500.0,135.0,313.0
314.0,500.0,135.0,312.0
314.0,500.0,135.0,312.0
314.0,500.0,135.0,312.0
313.0,499.0,135.0,312.0
313.0,499.0,135.0,311.0
313.0,498.0,135.0,311.0
313.0,498.0,135.0,311.0
313.0,498.0,135.0,311.0
313.0,497.0,135.0,311.0
312.0,497.0,135.0,310.0
312.0,497.0,134.0,310.0
312.0,496.0,134.0,310.0
312.0,496.0,134.0,310.0
312.0,496.0,134.0,310.0
312.0,495.0,134.0,309.0
312.0,495.0,134.0,309.0
311.0,495.0,134.0,309.0
311.0,494.0,134.0,309.0
311.0,494.0,134.0,309.0
311.0,493.0,133.0,308.0
310.0,493.0,133.0,308.0
310.0,493.0,133.0,308.0
310.0,492.0,133.0,308.0
310.0,492.0,133.0,308.0
310.0,492.0,133.0,307.0
309.0,492.0,133.0,307.0
309.0,491.0,133.0,307.0
309.0,491.0,133.0,306.0
309.0,490.0,133.0,306.0
309.0,490.0,132.0,305.0
308.0,490.0,132.0,305.0
308.0,490.0,132.0,305.0
308.0,489.0,132.0,304.0
308.0,489.0,132.0,304.0
308.0,488.0,131.0,303.0
308.0,488.0,131.0,303.0
308.0,488.0,131.0,302.0
307.0,488.0,131.0,302.0
307.0,487.0,130.0,302.0
307.0,487.0,130.0,301.0
307.0,487.0,130.0,301.0
307.0,486.0,130.0,300.0
307.0,486.0,130.0,300.0
530.0,492.0,149.0,352.0
529.0,492.0,149.0,352.0
528.0,492.0,149.0,351.0
528.0,491.0,149.0,351.0
527.0,491.0,149.0,351.0
526.0,491.0,149.0,351.0
526.0,490.0,148.0,350.0
525.0,489.0,149.0,350.0
524.0,489.0,149.0,350.0
524.0,489.0,149.0,350.0
524.0,489.0,149.0,350.0
524.0,488.0,149.0,350.0
524.0,488.0,149.0,350.0
523.0,487.0,149.0,349.0
522.0,486.0,149.0,349.0
522.0,486.0,149.0,349.0
522.0,485.0,149.0,348.0
521.0,485.0,149.0,348.0
521.0,485.0,149.0,348.0
520.0,485.0,149.0,348.0
520.0,485.0,149.0,347.0
520.0,485.0,149.0,347.0
519.0,484.0,149.0,347.0
519.0,484.0,149.0,347.0
519.0,484.0,149.0,347.0
518.0,484.0,149.0,347.0
518.0,484.0,149.0,347.0
518.0,484.0,148.0,347.0
518.0,483.0,148.0,347.0
519.0,483.0,148.0,347.0
519.0,483.0,148.0,347.0
519.0,483.0,147.0,347.0
519.0,483.0,147.0,347.0
519.0,483.0,147.0,346.0
519.0,483.0,146.0,346.0
519.0,483.0,146.0,346.0
519.0,483.0,146.0,345.0
519.0,483.0,146.0,345.0
519.0,483.0,146.0,345.0
519.0,483.0,146.0,345.0
519.0,483.0,146.0,344.0
519.0,483.0,146.0,344.0
519.0,483.0,146.0,345.0
519.0,483.0,146.0,345.0
518.0,483.0,145.0,345.0
518.0,483.0,145.0,344.0
518.0,483.0,145.0,345.0
517.0,482.0,145.0,344.0
517.0,481.0,145.0,344.0
517.0,481.0,145.0,344.0
516.0,481.0,144.0,343.0
516.0,481.0,144.0,343.0
516.0,480.0,144.0,343.0
515.0,480.0,144.0,342.0
515.0,480.0,144.0,342.0
515.0,479.0,144.0,342.0
514.0,479.0,144.0,342.0
514.0,479.0,144.0,342.0
514.0,479.0,143.0,342.0
514.0,479.0,143.0,342.0
514.0,478.0,143.0,342.0
514.0,478.0,143.0,342.0
513.0,478.0,143.0,342.0
513.0,477.0,143.0,341.0
513.0,477.0,143.0,341.0
512.0,477.0,143.0,341.0
512.0,477.0,142.0,341.0
512.0,477.0,142.0,341.0
512.0,476.0,142.0,341.0
512.0,476.0,142.0,341.0
512.0,476.0,142.0,341.0
511.0,476.0,142.0,340.0
511.0,476.0,142.0,340.0
512.0,476.0,142.0,340.0
511.0,476.0,142.0,340.0
511.0,476.0,142.0,340.0
511.0,476.0,142.0,340.0
511.0,475.0,142.0,340.0
510.0,475.0,142.0,340.0
510.0,475.0,142.0,340.0
510.0,475.0,142.0,340.0
510.0,475.0,142.0,339.0
510.0,474.0,142.0,339.0
509.0,474.0,142.0,339.0
509.0,474.0,142.0,339.0
509.0,474.0,142.0,339.0
509.0,474.0,142.0,339.0
509.0,474.0,142.0,339.0
509.0,474.0,142.0,340.0
509.0,473.0,142.0,340.0
509.0,473.0,142.0,341.0
509.0,473.0,143.0,341.0
509.0,473.0,144.0,341.0
509.0,473.0,144.0,341.0
509.0,473.0,144.0,342.0
509.0,473.0,145.0,342.0
509.0,473.0,144.0,342.0
509.0,473.0,144.0,342.0
509.0,473.0,144.0,342.0
508.0,473.0,145.0,342.0
508.0,473.0,145.0,342.0
508.0,473.0,145.0,342.0
508.0,473.0,145.0,342.0
508.0,473.0,145.0,342.0
508.0,473.0,145.0,342.0
508.0,473.0,145.0,342.0
508.0,473.0,145.0,342.0
508.0,473.0,145.0,342.0
507.0,472.0,145.0,341.0
507.0,473.0,145.0,341.0
507.0,473.0,145.0,341.0
507.0,473.0,145.0,341.0
507.0,473.0,145.0,341.0
507.0,473.0,145.0,340.0
507.0,472.0,145.0,340.0
507.0,472.0,145.0,340.0
507.0,472.0,144.0,340.0
506.0,472.0,144.0,340.0
506.0,471.0,144.0,339.0
506.0,471.0,144.0,339.0
506.0,471.0,144.0,339.0
506.0,471.0,143.0,339.0
506.0,471.0,143.0,339.0
506.0,471.0,143.0,338.0
506.0,471.0,143.0,338.0
506.0,471.0,142.0,338.0
505.0,471.0,142.0,337.0
505.0,470.0,142.0,337.0
505.0,470.0,142.0,337.0
505.0,470.0,141.0,337.0
504.0,469.0,141.0,337.0
504.0,469.0,141.0,337.0
504.0,468.0,141.0,336.0
503.0,468.0,140.0,336.0
503.0,468.0,140.0,336.0
502.0,468.0,140.0,336.0
502.0,468.0,140.0,336.0
502.0,467.0,140.0,336.0
501.0,467.0,140.0,336.0
501.0,467.0,140.0,336.0
501.0,467.0,140.0,336.0
501.0,468.0,141.0,336.0
500.0,468.0,141.0,336.0
500.0,468.0,141.0,336.0
500.0,468.0,141.0,336.0
500.0,468.0,141.0,336.0
500.0,468.0,141.0,335.0
499.0,467.0,140.0,336.0
499.0,467.0,140.0,336.0
499.0,467.0,140.0,335.0
499.0,467.0,140.0,335.0
499.0,467.0,140.0,335.0
499.0,468.0,140.0,335.0
499.0,468.0,140.0,335.0
499.0,468.0,139.0,335.0
499.0,467.0,139.0,335.0
498.0,467.0,139.0,334.0
498.0,467.0,139.0,334.0
499.0,467.0,139.0,334.0
499.0,467.0,139.0,334.0
499.0,467.0,139.0,335.0
499.0,467.0,139.0,335.0
499.0,467.0,139.0,335.0
499.0,467.0,139.0,335.0
500.0,468.0,139.0,335.0
500.0,468.0,139.0,335.0
500.0,468.0,140.0,335.0
500.0,468.0,140.0,335.0
500.0,468.0,141.0,335.0
500.0,468.0,141.0,335.0
500.0,467.0,141.0,335.0
501.0,467.0,142.0,335.0
501.0,467.0,142.0,335.0
502.0,467.0,142.0,335.0
502.0,467.0,142.0,336.0
502.0,467.0,143.0,336.0
502.0,467.0,143.0,336.0
502.0,467.0,144.0,336.0
502.0,467.0,143.0,336.0
572.0,458.0,315.0,441.0
571.0,457.0,314.0,440.0
573.0,458.0,316.0,442.0
573.0,458.0,317.0,443.0
576.0,460.0,320.0,445.0
572.0,457.0,318.0,442.0
572.0,456.0,318.0,442.0
577.0,460.0,322.0,446.0
577.0,459.0,322.0,446.0
577.0,459.0,323.0,447.0
576.0,458.0,323.0,446.0
578.0,459.0,324.0,448.0
577.0,459.0,325.0,448.0
577.0,458.0,325.0,448.0
578.0,459.0,326.0,449.0
580.0,460.0,328.0,450.0
581.0,460.0,329.0,451.0
583.0,462.0,330.0,453.0
582.0,461.0,330.0,453.0
581.0,460.0,330.0,452.0
582.0,460.0,331.0,453.0
582.0,461.0,331.0,454.0
583.0,461.0,332.0,454.0
583.0,461.0,333.0,455.0
583.0,461.0,333.0,455.0
583.0,461.0,333.0,455.0
583.0,461.0,333.0,455.0
584.0,461.0,334.0,456.0
583.0,460.0,333.0,455.0
584.0,460.0,334.0,456.0
583.0,460.0,334.0,456.0
583.0,459.0,334.0,456.0
583.0,460.0,334.0,456.0
583.0,459.0,334.0,456.0
584.0,460.0,335.0,457.0
584.0,460.0,335.0,457.0
586.0,461.0,337.0,459.0
586.0,462.0,337.0,460.0
586.0,461.0,337.0,460.0
586.0,461.0,337.0,460.0
587.0,462.0,338.0,461.0
587.0,462.0,338.0,461.0
588.0,462.0,339.0,462.0
588.0,462.0,339.0,462.0
588.0,463.0,340.0,463.0
588.0,462.0,339.0,462.0
589.0,463.0,340.0,463.0
590.0,463.0,341.0,464.0
589.0,463.0,340.0,464.0
590.0,464.0,341.0,465.0
589.0,463.0,341.0,464.0
589.0,463.0,341.0,465.0
589.0,463.0,341.0,465.0
590.0,463.0,342.0,466.0
590.0,463.0,342.0,466.0
590.0,463.0,342.0,466.0
590.0,463.0,342.0,466.0
591.0,464.0,343.0,467.0
591.0,464.0,343.0,467.0
590.0,463.0,343.0,466.0
589.0,462.0,342.0,466.0
591.0,464.0,344.0,468.0
591.0,464.0,344.0,468.0
591.0,463.0,344.0,468.0
591.0,463.0,344.0,468.0
591.0,464.0,345.0,469.0
592.0,464.0,345.0,469.0
592.0,464.0,345.0,469.0
594.0,465.0,347.0,471.0
593.0,464.0,346.0,470.0
593.0,465.0,347.0,471.0
594.0,465.0,347.0,471.0
593.0,464.0,347.0,471.0
594.0,465.0,347.0,471.0
593.0,464.0,347.0,471.0
593.0,464.0,347.0,471.0
593.0,464.0,347.0,471.0
594.0,465.0,347.0,472.0
594.0,465.0,348.0,472.0
594.0,465.0,348.0,472.0
594.0,465.0,348.0,472.0
594.0,465.0,348.0,472.0
595.0,466.0,348.0,473.0
593.0,464.0,348.0,472.0
594.0,465.0,348.0,473.0
594.0,465.0,348.0,473.0
594.0,465.0,348.0,473.0
594.0,464.0,348.0,473.0
594.0,465.0,349.0,473.0
594.0,465.0,349.0,473.0
594.0,464.0,349.0,473.0
595.0,465.0,349.0,474.0
595.0,465.0,350.0,474.0
594.0,465.0,349.0,473.0
595.0,465.0,350.0,474.0
594.0,465.0,350.0,474.0
595.0,465.0,350.0,474.0
595.0,466.0,351.0,475.0
595.0,465.0,350.0,474.0
596.0,466.0,351.0,475.0
595.0,465.0,351.0,474.0
596.0,466.0,352.0,475.0
595.0,465.0,351.0,475.0
595.0,465.0,351.0,475.0
595.0,465.0,351.0,475.0
596.0,466.0,352.0,476.0
604.0,473.0,357.0,483.0
599.0,468.0,354.0,478.0
599.0,468.0,354.0,478.0
598.0,468.0,354.0,478.0
598.0,468.0,354.0,478.0
598.0,468.0,353.0,478.0
598.0,467.0,353.0,478.0
597.0,467.0,353.0,477.0
597.0,467.0,353.0,477.0
597.0,467.0,353.0,477.0
597.0,467.0,353.0,477.0
597.0,467.0,353.0,478.0
599.0,468.0,354.0,479.0
598.0,468.0,354.0,478.0
597.0,468.0,353.0,478.0
597.0,467.0,353.0,478.0
598.0,468.0,353.0,479.0
598.0,468.0,354.0,479.0
599.0,468.0,354.0,479.0
598.0,468.0,354.0,479.0
598.0,468.0,354.0,479.0
599.0,469.0,355.0,480.0
599.0,469.0,355.0,480.0
599.0,469.0,355.0,480.0
599.0,469.0,355.0,480.0
598.0,469.0,354.0,480.0
599.0,469.0,354.0,480.0
599.0,469.0,354.0,480.0
598.0,469.0,354.0,480.0
598.0,468.0,354.0,480.0
599.0,469.0,354.0,480.0
599.0,469.0,355.0,481.0
599.0,469.0,355.0,481.0
599.0,469.0,355.0,481.0
599.0,470.0,355.0,481.0
599.0,469.0,355.0,481.0
599.0,469.0,355.0,481.0
598.0,469.0,355.0,481.0
598.0,468.0,355.0,480.0
599.0,469.0,355.0,481.0
598.0,468.0,355.0,480.0
598.0,469.0,355.0,481.0
598.0,468.0,354.0,480.0
598.0,469.0,355.0,481.0
598.0,468.0,355.0,481.0
598.0,468.0,355.0,481.0
598.0,469.0,355.0,481.0
598.0,469.0,355.0,481.0
598.0,469.0,355.0,481.0
598.0,469.0,355.0,481.0
598.0,469.0,355.0,481.0
599.0,469.0,356.0,482.0
599.0,469.0,356.0,482.0
599.0,470.0,356.0,482.0
599.0,469.0,355.0,482.0
599.0,469.0,356.0,482.0
599.0,470.0,356.0,483.0
598.0,469.0,355.0,482.0
598.0,469.0,355.0,482.0
598.0,469.0,355.0,482.0
599.0,470.0,356.0,483.0
599.0,469.0,356.0,482.0
598.0,469.0,355.0,482.0
599.0,469.0,356.0,483.0
598.0,469.0,355.0,482.0
598.0,469.0,355.0,483.0
605.0,475.0,360.0,488.0
600.0,471.0,356.0,484.0
598.0,469.0,355.0,483.0
598.0,469.0,355.0,483.0
597.0,468.0,355.0,482.0
598.0,469.0,355.0,482.0
598.0,468.0,355.0,482.0
670.0,519.0,317.0,549.0
671.0,520.0,317.0,550.0
673.0,524.0,322.0,552.0
671.0,521.0,319.0,552.0
667.0,521.0,322.0,552.0
672.0,524.0,324.0,555.0
675.0,526.0,327.0,558.0
666.0,519.0,324.0,553.0
665.0,520.0,321.0,550.0
667.0,522.0,326.0,554.0
663.0,516.0,321.0,550.0
660.0,514.0,318.0,544.0
657.0,511.0,318.0,544.0
657.0,510.0,316.0,543.0
658.0,512.0,318.0,545.0
657.0,510.0,317.0,543.0
657.0,511.0,318.0,544.0
656.0,511.0,318.0,544.0
664.0,517.0,323.0,551.0
650.0,505.0,316.0,539.0
652.0,508.0,317.0,541.0
649.0,505.0,316.0,538.0
649.0,505.0,314.0,537.0
649.0,505.0,315.0,538.0
651.0,506.0,316.0,539.0
650.0,506.0,316.0,539.0
654.0,509.0,318.0,543.0
649.0,505.0,316.0,538.0
652.0,507.0,318.0,541.0
652.0,507.0,317.0,540.0
656.0,511.0,320.0,544.0
651.0,508.0,318.0,540.0
656.0,511.0,320.0,544.0
656.0,511.0,320.0,544.0
657.0,512.0,320.0,545.0
653.0,509.0,319.0,542.0
657.0,512.0,321.0,545.0
656.0,511.0,321.0,544.0
659.0,514.0,323.0,548.0
657.0,512.0,323.0,546.0
652.0,507.0,320.0,541.0
653.0,509.0,321.0,545.0
651.0,507.0,320.0,542.0
655.0,511.0,323.0,545.0
653.0,509.0,322.0,544.0
653.0,509.0,321.0,544.0
649.0,505.0,320.0,540.0
650.0,507.0,322.0,542.0
651.0,507.0,322.0,542.0
651.0,508.0,322.0,543.0
654.0,510.0,324.0,546.0
650.0,507.0,322.0,542.0
651.0,509.0,324.0,544.0
653.0,510.0,325.0,545.0
655.0,513.0,327.0,548.0
654.0,511.0,326.0,546.0
646.0,505.0,321.0,539.0
651.0,509.0,324.0,544.0
649.0,507.0,323.0,542.0
651.0,509.0,324.0,544.0
654.0,512.0,326.0,546.0
650.0,508.0,323.0,542.0
647.0,506.0,321.0,539.0
657.0,515.0,328.0,549.0
653.0,510.0,325.0,544.0
653.0,510.0,325.0,544.0
652.0,510.0,325.0,545.0
653.0,510.0,325.0,544.0
653.0,510.0,325.0,544.0
652.0,510.0,325.0,544.0
648.0,506.0,323.0,540.0
654.0,511.0,327.0,545.0
655.0,511.0,326.0,545.0
653.0,510.0,326.0,544.0
657.0,513.0,328.0,547.0
650.0,508.0,324.0,541.0
649.0,507.0,325.0,541.0
659.0,514.0,329.0,549.0
653.0,510.0,327.0,544.0
660.0,516.0,331.0,550.0
652.0,509.0,327.0,544.0
668.0,522.0,335.0,557.0
652.0,509.0,326.0,542.0
653.0,510.0,327.0,544.0
653.0,511.0,328.0,545.0
657.0,514.0,331.0,548.0
654.0,512.0,330.0,546.0
654.0,512.0,330.0,546.0
653.0,510.0,328.0,543.0
661.0,518.0,333.0,551.0
651.0,509.0,327.0,542.0
652.0,511.0,329.0,545.0
654.0,512.0,330.0,546.0
656.0,513.0,331.0,547.0
661.0,517.0,333.0,551.0
661.0,518.0,334.0,552.0
652.0,509.0,329.0,544.0
654.0,512.0,331.0,546.0
655.0,513.0,331.0,546.0
650.0,510.0,329.0,542.0
650.0,510.0,329.0,542.0
654.0,513.0,331.0,546.0
656.0,514.0,332.0,546.0
652.0,511.0,330.0,544.0
650.0,510.0,330.0,543.0
650.0,510.0,330.0,542.0
652.0,511.0,330.0,543.0
651.0,511.0,331.0,543.0
648.0,508.0,328.0,540.0
649.0,508.0,329.0,541.0
649.0,508.0,328.0,540.0
644.0,506.0,326.0,537.0
649.0,508.0,328.0,540.0
650.0,509.0,329.0,541.0
646.0,506.0,327.0,538.0
648.0,507.0,328.0,540.0
648.0,508.0,329.0,541.0
654.0,513.0,332.0,546.0
655.0,514.0,333.0,546.0
651.0,510.0,331.0,543.0
654.0,513.0,333.0,545.0
654.0,514.0,333.0,546.0
646.0,507.0,328.0,538.0
649.0,510.0,331.0,542.0
651.0,511.0,331.0,543.0
654.0,513.0,332.0,544.0
646.0,507.0,330.0,540.0
652.0,512.0,332.0,544.0
653.0,513.0,334.0,546.0
652.0,512.0,333.0,544.0
649.0,509.0,332.0,542.0
645.0,507.0,330.0,539.0
648.0,510.0,333.0,543.0
650.0,511.0,334.0,544.0
652.0,512.0,335.0,545.0
652.0,512.0,335.0,545.0
648.0,509.0,334.0,542.0
647.0,509.0,334.0,541.0
642.0,508.0,331.0,538.0
649.0,511.0,335.0,545.0
650.0,511.0,334.0,542.0
652.0,513.0,337.0,546.0
653.0,515.0,337.0,546.0
651.0,512.0,335.0,544.0
647.0,509.0,334.0,541.0
641.0,507.0,331.0,537.0
644.0,507.0,333.0,539.0
644.0,506.0,333.0,539.0
646.0,509.0,334.0,541.0
650.0,512.0,336.0,544.0
639.0,505.0,330.0,534.0
645.0,509.0,335.0,541.0
642.0,506.0,333.0,538.0
640.0,504.0,331.0,534.0
643.0,507.0,334.0,538.0
638.0,503.0,332.0,534.0
637.0,501.0,331.0,532.0
636.0,501.0,332.0,534.0
642.0,506.0,335.0,538.0
643.0,508.0,336.0,539.0
636.0,502.0,332.0,534.0
638.0,503.0,333.0,535.0
640.0,505.0,334.0,536.0
640.0,505.0,333.0,536.0
647.0,510.0,337.0,542.0
640.0,505.0,333.0,537.0
643.0,508.0,335.0,540.0
639.0,506.0,333.0,536.0
643.0,508.0,335.0,539.0
641.0,506.0,333.0,536.0
641.0,507.0,334.0,537.0
641.0,507.0,334.0,538.0
644.0,509.0,335.0,540.0
641.0,507.0,333.0,537.0
644.0,509.0,336.0,541.0
646.0,511.0,337.0,543.0
634.0,501.0,330.0,531.0
644.0,510.0,337.0,540.0
636.0,503.0,331.0,532.0
